[
	[
		{
			"Results":[
				{
					"Type":"AS",
					"Suggests":[
						{
							"Txt":"韩版中长款纯色休闲青年风衣英伦秋冬男毛呢料宽松外套时尚大衣",
							"num":208,
							"shop":"nixu服饰旗舰店",
							"image":"css/images/fashionClo.png",
							"color":"颜色：卡其色有纽扣",
							"size":"尺码：L",
							"nonDiscount":"￥416.00",
							"bandCard":"css/images/bankCard.png",
							"sevenDay":"css/images/sevenDay.png",
							"guarantee":"css/images/guarantee.png"
						}
					]
				}
			]
		}
	],
	[
		{
			"Results":[
				{
					"Type":"AS",
					"Suggests":[
						{
							"Txt":"李宁2016新款男子篮球鞋音速3高帮反弹篮球场地鞋ABAL031",
							"num":339,
							"shop":"李宁官方网店",
							"image":"css/images/lining-bas.png",
							"color":"颜色分类：荧光果粉/木梅红",
							"size":"鞋码：42",
							"nonDiscount":"￥539.00",
							"bandCard":"css/images/bankCard.png",
							"sevenDay":"css/images/sevenDay.png",
							"guarantee":"css/images/guarantee.png"
						}
					]
				}
			]
		}
	],
	[
		{
			"Results":[
				{
					"Type":"AS",
					"Suggests":[
						{
							"Txt":"夏日拖鞋潮男韩版潮流男士一字拖防滑凉鞋夏天个性沙滩潮拖凉拖男",
							"num":49,
							"shop":"生如海洋 men sho",
							"image":"css/images/boyShoes.png",
							"color":"颜色分类：028黑蜂窝",
							"size":"尺码：41",
							"nonDiscount":"￥79.00",
							"bandCard":"css/images/bankCard.png",
							"sevenDay":"css/images/sevenDay.png",
							"guarantee":"css/images/guarantee.png"
						}
					]
				}
			]
		}
	],
	[
		{
			"Results":[
				{
					"Type":"AS",
					"Suggests":[
						{
							"Txt":"Z．Suo/走索男鞋马丁靴男秋冬户外靴子沙漠靴男军靴皮靴情侣款潮",
							"num":239,
							"shop":"zsuo走索旗舰店",
							"image":"css/images/xuezi.png",
							"color":"颜色分类：ZS988H黑色",
							"size":"尺码：42",
							"nonDiscount":"￥452.00",
							"bandCard":"css/images/bankCard.png",
							"sevenDay":"css/images/sevenDay.png",
							"guarantee":"css/images/guarantee.png"
						}
					]
				}
			]
		}
	],
	[
		{
			"Results":[
				{
					"Type":"AS",
					"Suggests":[
						{
							"Txt":"台湾进口零食张君雅小妹妹12包零食组合甜甜圈捏脆面点心面礼包",
							"num":39,
							"shop":"张君雅小妹妹旗舰",
							"image":"css/images/zhangjunyameimei.png",
							"color":"口味：12包零食组合",
							"size":"重量：150g/包",
							"nonDiscount":"￥79.00",
							"bandCard":"css/images/bankCard.png",
							"sevenDay":"css/images/sevenDay.png",
							"guarantee":"css/images/guarantee.png"
						}
					]
				}
			]
		}
	]
]
